Constant,Name,Category,PaletteTag,Reflection,Size,Width,Height,PaletteSlot,ShadowSize,Inanimate,Compressed,Tracks,OAM,SubspriteTables,Anims,Images,AffineAnims,PointerOverride
BRENDAN_ACRO_BIKE,BrendanAcroBike,01-1 Brendan,BRENDAN,BRIDGE_REFLECTION,512,32,32,PLAYER,M,FALSE,FALSE,BIKE_TIRE,32x32,32x32,AcroBike,BrendanAcroBike,gDummySpriteAffineAnimTable,
BRENDAN_DECORATING,BrendanDecorating,01-1 Brendan,BRENDAN,BRIDGE_REFLECTION,256,16,32,NPC_SPECIAL,M,TRUE,FALSE,FOOT,16x32,16x32,Inanimate,BrendanDecorating,gDummySpriteAffineAnimTable,
BRENDAN_FIELD_MOVE,BrendanFieldMove,01-1 Brendan,BRENDAN,BRIDGE_REFLECTION,512,32,32,PLAYER,M,FALSE,FALSE,FOOT,32x32,32x32,FieldMove,BrendanFieldMove,gDummySpriteAffineAnimTable,
BRENDAN_FISHING,BrendanFishing,01-1 Brendan,BRENDAN,BRIDGE_REFLECTION,512,32,32,PLAYER,M,FALSE,FALSE,FOOT,32x32,32x32,Fishing,BrendanFishing,gDummySpriteAffineAnimTable,
BRENDAN_MACH_BIKE,BrendanMachBike,01-1 Brendan,BRENDAN,BRIDGE_REFLECTION,512,32,32,PLAYER,M,FALSE,FALSE,BIKE_TIRE,32x32,32x32,Standard,BrendanMachBike,gDummySpriteAffineAnimTable,
BRENDAN_NORMAL,BrendanNormal,01-1 Brendan,BRENDAN,BRIDGE_REFLECTION,512,16,32,PLAYER,M,FALSE,FALSE,FOOT,16x32,16x32,BrendanMayNormal,BrendanNormal,gDummySpriteAffineAnimTable,
BRENDAN_SURFING,BrendanSurfing,01-1 Brendan,BRENDAN,NONE,512,32,32,PLAYER,M,FALSE,FALSE,FOOT,32x32,32x32,Surfing,BrendanSurfing,gDummySpriteAffineAnimTable,
BRENDAN_UNDERWATER,BrendanUnderwater,01-1 Brendan,PLAYER_UNDERWATER,NONE,512,32,32,PLAYER,M,FALSE,FALSE,FOOT,32x32,32x32,Standard,BrendanUnderwater,gDummySpriteAffineAnimTable,
BRENDAN_WATERING,BrendanWatering,01-1 Brendan,BRENDAN,BRIDGE_REFLECTION,512,32,32,PLAYER,M,FALSE,FALSE,FOOT,32x32,32x32,Standard,BrendanWatering,gDummySpriteAffineAnimTable,
MAY_ACRO_BIKE,MayAcroBike,01-2 May,MAY,BRIDGE_REFLECTION,512,32,32,PLAYER,M,FALSE,FALSE,BIKE_TIRE,32x32,32x32,AcroBike,MayAcroBike,gDummySpriteAffineAnimTable,
MAY_DECORATING,MayDecorating,01-2 May,MAY,BRIDGE_REFLECTION,256,16,32,NPC_SPECIAL,M,TRUE,FALSE,FOOT,16x32,16x32,Inanimate,MayDecorating,gDummySpriteAffineAnimTable,
MAY_FIELD_MOVE,MayFieldMove,01-2 May,MAY,BRIDGE_REFLECTION,512,32,32,PLAYER,M,FALSE,FALSE,FOOT,32x32,32x32,FieldMove,MayFieldMove,gDummySpriteAffineAnimTable,
MAY_FISHING,MayFishing,01-2 May,MAY,BRIDGE_REFLECTION,512,32,32,PLAYER,M,FALSE,FALSE,FOOT,32x32,32x32,Fishing,MayFishing,gDummySpriteAffineAnimTable,
MAY_MACH_BIKE,MayMachBike,01-2 May,MAY,BRIDGE_REFLECTION,512,32,32,PLAYER,M,FALSE,FALSE,BIKE_TIRE,32x32,32x32,Standard,MayMachBike,gDummySpriteAffineAnimTable,
MAY_NORMAL,MayNormal,01-2 May,MAY,BRIDGE_REFLECTION,512,16,32,PLAYER,M,FALSE,FALSE,FOOT,16x32,16x32,BrendanMayNormal,MayNormal,gDummySpriteAffineAnimTable,
MAY_SURFING,MaySurfing,01-2 May,MAY,NONE,512,32,32,PLAYER,M,FALSE,FALSE,FOOT,32x32,32x32,Surfing,MaySurfing,gDummySpriteAffineAnimTable,
MAY_UNDERWATER,MayUnderwater,01-2 May,PLAYER_UNDERWATER,NONE,512,32,32,NPC_SPECIAL,M,FALSE,FALSE,FOOT,32x32,32x32,Standard,MayUnderwater,gDummySpriteAffineAnimTable,
MAY_WATERING,MayWatering,01-2 May,MAY,BRIDGE_REFLECTION,512,32,32,PLAYER,M,FALSE,FALSE,FOOT,32x32,32x32,Standard,MayWatering,gDummySpriteAffineAnimTable,
RIVAL_BRENDAN_ACRO_BIKE,RivalBrendanAcroBike,01-3 Rival Brendan,BRENDAN,BRIDGE_REFLECTION,512,32,32,NPC_SPECIAL,M,FALSE,FALSE,BIKE_TIRE,32x32,32x32,AcroBike,BrendanAcroBike,gDummySpriteAffineAnimTable,
RIVAL_BRENDAN_FIELD_MOVE,RivalBrendanFieldMove,01-3 Rival Brendan,BRENDAN,BRIDGE_REFLECTION,512,32,32,NPC_SPECIAL,M,FALSE,FALSE,FOOT,32x32,32x32,FieldMove,BrendanFieldMove,gDummySpriteAffineAnimTable,
RIVAL_BRENDAN_MACH_BIKE,RivalBrendanMachBike,01-3 Rival Brendan,BRENDAN,BRIDGE_REFLECTION,512,32,32,NPC_SPECIAL,M,FALSE,FALSE,BIKE_TIRE,32x32,32x32,Standard,BrendanMachBike,gDummySpriteAffineAnimTable,
RIVAL_BRENDAN_NORMAL,RivalBrendanNormal,01-3 Rival Brendan,BRENDAN,BRIDGE_REFLECTION,256,16,32,NPC_SPECIAL,M,FALSE,FALSE,FOOT,16x32,16x32,BrendanMayNormal,BrendanNormal,gDummySpriteAffineAnimTable,
RIVAL_BRENDAN_SURFING,RivalBrendanSurfing,01-3 Rival Brendan,BRENDAN,NONE,512,32,32,NPC_SPECIAL,M,FALSE,FALSE,FOOT,32x32,32x32,Surfing,BrendanSurfing,gDummySpriteAffineAnimTable,
LINK_BRENDAN,LinkBrendan,01-3 Rival Brendan,BRENDAN,BRIDGE_REFLECTION,512,16,32,PLAYER,M,FALSE,FALSE,FOOT,16x32,16x32,BrendanMayNormal,BrendanNormal,gDummySpriteAffineAnimTable,
LINK_RS_BRENDAN,LinkRsBrendan,01-3 Rival Brendan,BRENDAN,BRIDGE_REFLECTION,512,16,32,PLAYER,M,FALSE,FALSE,FOOT,16x32,16x32,BrendanMayNormal,BrendanNormal,gDummySpriteAffineAnimTable,
RIVAL_MAY_ACRO_BIKE,RivalMayAcroBike,01-4 Rival May,MAY,BRIDGE_REFLECTION,512,32,32,NPC_SPECIAL,M,FALSE,FALSE,BIKE_TIRE,32x32,32x32,AcroBike,MayAcroBike,gDummySpriteAffineAnimTable,
RIVAL_MAY_FIELD_MOVE,RivalMayFieldMove,01-4 Rival May,MAY,BRIDGE_REFLECTION,512,32,32,NPC_SPECIAL,M,FALSE,FALSE,FOOT,32x32,32x32,FieldMove,MayFieldMove,gDummySpriteAffineAnimTable,
RIVAL_MAY_MACH_BIKE,RivalMayMachBike,01-4 Rival May,MAY,BRIDGE_REFLECTION,512,32,32,NPC_SPECIAL,M,FALSE,FALSE,BIKE_TIRE,32x32,32x32,Standard,MayMachBike,gDummySpriteAffineAnimTable,
RIVAL_MAY_NORMAL,RivalMayNormal,01-4 Rival May,MAY,BRIDGE_REFLECTION,256,16,32,NPC_SPECIAL,M,FALSE,FALSE,FOOT,16x32,16x32,BrendanMayNormal,MayNormal,gDummySpriteAffineAnimTable,
RIVAL_MAY_SURFING,RivalMaySurfing,01-4 Rival May,MAY,NONE,512,32,32,NPC_SPECIAL,M,FALSE,FALSE,FOOT,32x32,32x32,Surfing,MaySurfing,gDummySpriteAffineAnimTable,
LINK_MAY,LinkMay,01-4 Rival May,MAY,BRIDGE_REFLECTION,512,16,32,PLAYER,M,FALSE,FALSE,FOOT,16x32,16x32,BrendanMayNormal,MayNormal,gDummySpriteAffineAnimTable,
LINK_RS_MAY,LinkRsMay,01-4 Rival May,MAY,BRIDGE_REFLECTION,512,16,32,PLAYER,M,FALSE,FALSE,FOOT,16x32,16x32,BrendanMayNormal,MayNormal,gDummySpriteAffineAnimTable,
PLACEHOLDER_F,PlaceholderF,02-01 Placeholder,GBC,NONE,256,16,32,NPC_1,M,FALSE,FALSE,FOOT,16x32,16x32,Standard,PlaceholderF,gDummySpriteAffineAnimTable,
PLACEHOLDER_M,PlaceholderM,02-01 Placeholder,GBC,NONE,256,16,32,NPC_1,M,FALSE,FALSE,FOOT,16x32,16x32,Standard,PlaceholderM,gDummySpriteAffineAnimTable,
BOY_1,Boy1,02-02 Generic People,GBC,NONE,256,16,32,NPC_1,M,FALSE,FALSE,FOOT,16x32,16x32,Standard,Boy1,gDummySpriteAffineAnimTable,
BOY_2,Boy2,02-02 Generic People,NPC_1,NONE,256,16,32,NPC_1,M,FALSE,FALSE,FOOT,16x32,16x32,Standard,Boy2,gDummySpriteAffineAnimTable,
BOY_3,Boy3,02-02 Generic People,NPC_4,NONE,256,16,32,NPC_4,M,FALSE,FALSE,FOOT,16x32,16x32,Standard,Boy3,gDummySpriteAffineAnimTable,
FAT_MAN,FatMan,02-02 Generic People,NPC_1,NONE,256,16,32,NPC_1,M,FALSE,FALSE,FOOT,16x32,16x32,Standard,FatMan,gDummySpriteAffineAnimTable,
GAMEBOY_KID_F,GameboyKidF,02-02 Generic People,GBC,NONE,512,16,32,NPC_1,M,FALSE,FALSE,FOOT,16x32,16x32,Standard,GameboyKidF,gDummySpriteAffineAnimTable,
GAMEBOY_KID_M,GameboyKidM,02-02 Generic People,GBC,NONE,512,16,32,NPC_1,M,FALSE,FALSE,FOOT,16x32,16x32,Standard,GameboyKidM,gDummySpriteAffineAnimTable,
GIRL_1,Girl1,02-02 Generic People,NPC_2,NONE,256,16,32,NPC_2,M,FALSE,FALSE,FOOT,16x32,16x32,Standard,Girl1,gDummySpriteAffineAnimTable,
GIRL_2,Girl2,02-02 Generic People,NPC_3,NONE,256,16,32,NPC_3,M,FALSE,FALSE,FOOT,16x32,16x32,Standard,Girl2,gDummySpriteAffineAnimTable,
GIRL_3,Girl3,02-02 Generic People,NPC_2,NONE,256,16,32,NPC_2,M,FALSE,FALSE,FOOT,16x32,16x32,Standard,Girl3,gDummySpriteAffineAnimTable,
LITTLE_BOY_1,LittleBoy1,02-02 Generic People,GBC,NONE,512,16,32,NPC_1,M,FALSE,FALSE,FOOT,16x32,16x32,Standard,LittleBoy1,gDummySpriteAffineAnimTable,
LITTLE_BOY_2,LittleBoy2,02-02 Generic People,GBC,NONE,512,16,32,NPC_1,M,FALSE,FALSE,FOOT,16x32,16x32,Standard,LittleBoy2,gDummySpriteAffineAnimTable,
LITTLE_GIRL,LittleGirl,02-02 Generic People,NPC_2,NONE,128,16,16,NPC_2,M,FALSE,FALSE,FOOT,16x16,16x16,Standard,LittleGirl,gDummySpriteAffineAnimTable,
MAN_1,Man1,02-02 Generic People,GBC,NONE,256,16,32,NPC_1,M,FALSE,FALSE,FOOT,16x32,16x32,Standard,Man1,gDummySpriteAffineAnimTable,
MAN_2,Man2,02-02 Generic People,NPC_3,NONE,256,16,32,NPC_3,M,FALSE,FALSE,FOOT,16x32,16x32,Standard,Man2,gDummySpriteAffineAnimTable,
MAN_3,Man3,02-02 Generic People,NPC_2,NONE,256,16,32,NPC_2,M,FALSE,FALSE,FOOT,16x32,16x32,Standard,Man3,gDummySpriteAffineAnimTable,
MAN_4,Man4,02-02 Generic People,NPC_4,NONE,256,16,32,NPC_4,M,FALSE,FALSE,FOOT,16x32,16x32,Standard,Man4,gDummySpriteAffineAnimTable,
MAN_5,Man5,02-02 Generic People,NPC_2,NONE,256,16,32,NPC_2,M,FALSE,FALSE,FOOT,16x32,16x32,Standard,Man5,gDummySpriteAffineAnimTable,
OLD_MAN,OldMan,02-02 Generic People,NPC_4,NONE,256,16,32,NPC_4,M,FALSE,FALSE,FOOT,16x32,16x32,Standard,OldMan,gDummySpriteAffineAnimTable,
OLD_WOMAN,OldWoman,02-02 Generic People,NPC_3,NONE,256,16,32,NPC_3,M,FALSE,FALSE,FOOT,16x32,16x32,Standard,OldWoman,gDummySpriteAffineAnimTable,
WOMAN_1,Woman1,02-02 Generic People,NPC_1,NONE,256,16,32,NPC_1,M,FALSE,FALSE,FOOT,16x32,16x32,Standard,Woman1,gDummySpriteAffineAnimTable,
WOMAN_2,Woman2,02-02 Generic People,GBC,NONE,256,16,32,NPC_1,M,FALSE,FALSE,FOOT,16x32,16x32,Standard,Woman2,gDummySpriteAffineAnimTable,
WOMAN_3,Woman3,02-02 Generic People,NPC_2,NONE,256,16,32,NPC_2,M,FALSE,FALSE,FOOT,16x32,16x32,Standard,Woman3,gDummySpriteAffineAnimTable,
WOMAN_4,Woman4,02-02 Generic People,NPC_1,NONE,256,16,32,NPC_1,M,FALSE,FALSE,FOOT,16x32,16x32,Standard,Woman4,gDummySpriteAffineAnimTable,
WOMAN_5,Woman5,02-02 Generic People,NPC_2,NONE,256,16,32,NPC_2,M,FALSE,FALSE,FOOT,16x32,16x32,Standard,Woman5,gDummySpriteAffineAnimTable,
ACE_TRAINER_F,AceTrainerF,03 Trainer Classes,GBC,NONE,512,16,32,NPC_1,M,FALSE,FALSE,FOOT,16x32,16x32,Standard,AceTrainerF,gDummySpriteAffineAnimTable,
ACE_TRAINER_M,AceTrainerM,03 Trainer Classes,GBC,NONE,512,16,32,NPC_1,M,FALSE,FALSE,FOOT,16x32,16x32,Standard,AceTrainerM,gDummySpriteAffineAnimTable,
AROMA_LADY,AromaLady,03 Trainer Classes,GBC,NONE,512,16,32,NPC_1,M,FALSE,FALSE,FOOT,16x32,16x32,Standard,AromaLady,gDummySpriteAffineAnimTable,
ARTIST,Artist,03 Trainer Classes,NPC_4,NONE,256,16,32,NPC_4,M,FALSE,FALSE,FOOT,16x32,16x32,Standard,Artist,gDummySpriteAffineAnimTable,
BEAUTY,Beauty,03 Trainer Classes,NPC_3,NONE,256,16,32,NPC_3,M,FALSE,FALSE,FOOT,16x32,16x32,Standard,Beauty,gDummySpriteAffineAnimTable,
BIKER,Biker,03 Trainer Classes,GBC,NONE,512,16,32,NPC_1,M,FALSE,FALSE,FOOT,16x32,16x32,Standard,Biker,gDummySpriteAffineAnimTable,
BIRD_KEEPER,BirdKeeper,03 Trainer Classes,GBC,NONE,512,16,32,NPC_1,M,FALSE,FALSE,FOOT,16x32,16x32,Standard,BirdKeeper,gDummySpriteAffineAnimTable,
BLACK_BELT,BlackBelt,03 Trainer Classes,NPC_3,NONE,256,16,32,NPC_3,M,FALSE,FALSE,FOOT,16x32,16x32,Standard,BlackBelt,gDummySpriteAffineAnimTable,
BOARDER,Boarder,03 Trainer Classes,GBC,NONE,512,16,32,NPC_1,M,FALSE,FALSE,FOOT,16x32,16x32,Standard,Boarder,gDummySpriteAffineAnimTable,
BUG_CATCHER,BugCatcher,03 Trainer Classes,NPC_1,NONE,256,16,32,NPC_1,M,FALSE,FALSE,FOOT,16x32,16x32,Standard,BugCatcher,gDummySpriteAffineAnimTable,
BURGLAR,Burglar,03 Trainer Classes,GBC,NONE,512,16,32,NPC_1,M,FALSE,FALSE,FOOT,16x32,16x32,Standard,Burglar,gDummySpriteAffineAnimTable,
CAMPER,Camper,03 Trainer Classes,NPC_3,NONE,256,16,32,NPC_3,M,FALSE,FALSE,FOOT,16x32,16x32,Standard,Camper,gDummySpriteAffineAnimTable,
CHANNELER,Channeler,03 Trainer Classes,GBC,NONE,512,16,32,NPC_1,M,FALSE,FALSE,FOOT,16x32,16x32,Standard,Channeler,gDummySpriteAffineAnimTable,
ENGINEER,Engineer,03 Trainer Classes,GBC,NONE,512,16,32,NPC_1,M,FALSE,FALSE,FOOT,16x32,16x32,Standard,Engineer,gDummySpriteAffineAnimTable,
FIREBREATHER,Firebreather,03 Trainer Classes,GBC,NONE,512,16,32,NPC_1,M,FALSE,FALSE,FOOT,16x32,16x32,Standard,Firebreather,gDummySpriteAffineAnimTable,
FISHERMAN,Fisherman,03 Trainer Classes,NPC_2,NONE,256,16,32,NPC_2,M,FALSE,FALSE,FOOT,16x32,16x32,Standard,Fisherman,gDummySpriteAffineAnimTable,
GENTLEMAN,Gentleman,03 Trainer Classes,NPC_3,NONE,256,16,32,NPC_3,M,FALSE,FALSE,FOOT,16x32,16x32,Standard,Gentleman,gDummySpriteAffineAnimTable,
GUITARIST,Guitarist,03 Trainer Classes,GBC,NONE,512,16,32,NPC_1,M,FALSE,FALSE,FOOT,16x32,16x32,Standard,Guitarist,gDummySpriteAffineAnimTable,
HEX_MANIAC,HexManiac,03 Trainer Classes,NPC_4,NONE,256,16,32,NPC_4,M,FALSE,FALSE,FOOT,16x32,16x32,Standard,HexManiac,gDummySpriteAffineAnimTable,
HIKER,Hiker,03 Trainer Classes,NPC_1,NONE,256,16,32,NPC_1,M,FALSE,FALSE,FOOT,16x32,16x32,Standard,Hiker,gDummySpriteAffineAnimTable,
JUGGLER,Juggler,03 Trainer Classes,GBC,NONE,512,16,32,NPC_1,M,FALSE,FALSE,FOOT,16x32,16x32,Standard,Juggler,gDummySpriteAffineAnimTable,
KIMONO_GIRL,KimonoGirl,03 Trainer Classes,GBC,NONE,512,16,32,NPC_1,M,FALSE,FALSE,FOOT,16x32,16x32,Standard,KimonoGirl,gDummySpriteAffineAnimTable,
LASS,Lass,03 Trainer Classes,NPC_4,NONE,256,16,32,NPC_4,M,FALSE,FALSE,FOOT,16x32,16x32,Standard,Lass,gDummySpriteAffineAnimTable,
MEDIUM,Medium,03 Trainer Classes,GBC,NONE,512,16,32,NPC_1,M,FALSE,FALSE,FOOT,16x32,16x32,Standard,Medium,gDummySpriteAffineAnimTable,
OFFICER,Officer,03 Trainer Classes,GBC,NONE,512,16,32,NPC_1,M,FALSE,FALSE,FOOT,16x32,16x32,Standard,Officer,gDummySpriteAffineAnimTable,
PICNICKER,Picnicker,03 Trainer Classes,NPC_3,NONE,256,16,32,NPC_3,M,FALSE,FALSE,FOOT,16x32,16x32,Standard,Picnicker,gDummySpriteAffineAnimTable,
POKEFAN_F,PokefanF,03 Trainer Classes,NPC_2,NONE,256,16,32,NPC_2,M,FALSE,FALSE,FOOT,16x32,16x32,Standard,PokefanF,gDummySpriteAffineAnimTable,
POKEFAN_M,PokefanM,03 Trainer Classes,NPC_2,NONE,256,16,32,NPC_2,M,FALSE,FALSE,FOOT,16x32,16x32,Standard,PokefanM,gDummySpriteAffineAnimTable,
POKEMANIAC,Pokemaniac,03 Trainer Classes,GBC,NONE,512,16,32,NPC_1,M,FALSE,FALSE,FOOT,16x32,16x32,Standard,Pokemaniac,gDummySpriteAffineAnimTable,
PSYCHIC_M,PsychicM,03 Trainer Classes,NPC_4,NONE,256,16,32,NPC_4,M,FALSE,FALSE,FOOT,16x32,16x32,Standard,PsychicM,gDummySpriteAffineAnimTable,
ROUGHNECK,Roughneck,03 Trainer Classes,GBC,NONE,512,16,32,NPC_1,M,FALSE,FALSE,FOOT,16x32,16x32,Standard,Roughneck,gDummySpriteAffineAnimTable,
SAGE,Sage,03 Trainer Classes,GBC,NONE,512,16,32,NPC_1,M,FALSE,FALSE,FOOT,16x32,16x32,Standard,Sage,gDummySpriteAffineAnimTable,
SAILOR,Sailor,03 Trainer Classes,NPC_1,NONE,256,16,32,NPC_1,M,FALSE,FALSE,FOOT,16x32,16x32,Standard,Sailor,gDummySpriteAffineAnimTable,
SCHOOL_KID_F,SchoolKidF,03 Trainer Classes,GBC,NONE,512,16,32,NPC_1,M,FALSE,FALSE,FOOT,16x32,16x32,Standard,SchoolKidF,gDummySpriteAffineAnimTable,
SCHOOL_KID_M,SchoolKidM,03 Trainer Classes,NPC_1,NONE,256,16,32,NPC_1,M,FALSE,FALSE,FOOT,16x32,16x32,Standard,SchoolKidM,gDummySpriteAffineAnimTable,
SCIENTIST,Scientist,03 Trainer Classes,GBC,NONE,512,16,32,NPC_1,M,FALSE,FALSE,FOOT,16x32,16x32,Standard,Scientist,gDummySpriteAffineAnimTable,
SKIER,Skier,03 Trainer Classes,GBC,NONE,512,16,32,NPC_1,M,FALSE,FALSE,FOOT,16x32,16x32,Standard,Skier,gDummySpriteAffineAnimTable,
SUPER_NERD,SuperNerd,03 Trainer Classes,GBC,NONE,512,16,32,NPC_1,M,FALSE,FALSE,FOOT,16x32,16x32,Standard,SuperNerd,gDummySpriteAffineAnimTable,
SWIMMER_F,SwimmerF,03 Trainer Classes,NPC_2,NONE,256,16,32,NPC_2,M,FALSE,FALSE,FOOT,16x32,16x32,Standard,SwimmerF,gDummySpriteAffineAnimTable,
SWIMMER_M,SwimmerM,03 Trainer Classes,NPC_1,NONE,256,16,32,NPC_1,M,FALSE,FALSE,FOOT,16x32,16x32,Standard,SwimmerM,gDummySpriteAffineAnimTable,
TEACHER,Teacher,03 Trainer Classes,GBC,NONE,512,16,32,NPC_1,M,FALSE,FALSE,FOOT,16x32,16x32,Standard,Teacher,gDummySpriteAffineAnimTable,
TWIN,Twin,03 Trainer Classes,NPC_2,NONE,256,16,32,NPC_2,M,FALSE,FALSE,FOOT,16x32,16x32,Standard,Twin,gDummySpriteAffineAnimTable,
YOUNGSTER,Youngster,03 Trainer Classes,NPC_1,NONE,256,16,32,NPC_1,M,FALSE,FALSE,FOOT,16x32,16x32,Standard,Youngster,gDummySpriteAffineAnimTable,
COOK,Cook,04 Other People,NPC_3,NONE,256,16,32,NPC_3,M,FALSE,FALSE,FOOT,16x32,16x32,Standard,Cook,gDummySpriteAffineAnimTable,
LINK_RECEPTIONIST,LinkReceptionist,04 Other People,NPC_3,NONE,256,16,32,NPC_3,M,FALSE,FALSE,FOOT,16x32,16x32,Standard,LinkReceptionist,gDummySpriteAffineAnimTable,
MART_EMPLOYEE,MartEmployee,04 Other People,NPC_1,NONE,256,16,32,NPC_1,M,FALSE,FALSE,FOOT,16x32,16x32,Standard,MartEmployee,gDummySpriteAffineAnimTable,
NURSE,Nurse,04 Other People,NPC_1,NONE,256,16,32,NPC_1,M,FALSE,FALSE,FOOT,16x32,16x32,Standard,Nurse,gDummySpriteAffineAnimTable,
LEAF,Leaf,05 Characters,GBC,NONE,256,16,32,NPC_1,M,FALSE,FALSE,FOOT,16x32,16x32,Standard,PlaceholderF,gDummySpriteAffineAnimTable,
LYRA,Lyra,05 Characters,GBC,NONE,512,16,32,NPC_1,M,FALSE,FALSE,FOOT,16x32,16x32,Standard,Lyra,gDummySpriteAffineAnimTable,
MOM,Mom,05 Characters,GBC,NONE,256,16,32,NPC_1,M,FALSE,FALSE,FOOT,16x32,16x32,Standard,Mom,gDummySpriteAffineAnimTable,
MR_POKEMON,MrPokemon,05 Characters,GBC,NONE,512,16,32,NPC_1,M,FALSE,FALSE,FOOT,16x32,16x32,Standard,MrPokemon,gDummySpriteAffineAnimTable,
PROF_ELM,ProfElm,05 Characters,GBC,NONE,512,16,32,NPC_1,M,FALSE,FALSE,FOOT,16x32,16x32,Standard,ProfElm,gDummySpriteAffineAnimTable,
PROF_OAK,ProfOak,05 Characters,GBC,NONE,512,16,32,NPC_1,M,FALSE,FALSE,FOOT,16x32,16x32,Standard,ProfOak,gDummySpriteAffineAnimTable,
RED,Red,05 Characters,RED_LEAF,NONE,256,16,32,NPC_SPECIAL,M,FALSE,FALSE,FOOT,16x32,16x32,Standard,Red,gDummySpriteAffineAnimTable,
SILVER,Silver,05 Characters,GBC,NONE,512,16,32,NPC_1,M,FALSE,FALSE,FOOT,16x32,16x32,Standard,Silver,gDummySpriteAffineAnimTable,
BLAINE,Blaine,06 Gym Leaders,GBC,NONE,512,16,32,NPC_1,M,FALSE,FALSE,FOOT,16x32,16x32,Standard,Blaine,gDummySpriteAffineAnimTable,
BLUE,Blue,06 Gym Leaders,GBC,NONE,512,16,32,NPC_1,M,FALSE,FALSE,FOOT,16x32,16x32,Standard,Blue,gDummySpriteAffineAnimTable,
BROCK,Brock,06 Gym Leaders,GBC,NONE,512,16,32,NPC_1,M,FALSE,FALSE,FOOT,16x32,16x32,Standard,Brock,gDummySpriteAffineAnimTable,
BUGSY,Bugsy,06 Gym Leaders,GBC,NONE,512,16,32,NPC_1,M,FALSE,FALSE,FOOT,16x32,16x32,Standard,Bugsy,gDummySpriteAffineAnimTable,
CHUCK,Chuck,06 Gym Leaders,GBC,NONE,512,16,32,NPC_1,M,FALSE,FALSE,FOOT,16x32,16x32,Standard,Chuck,gDummySpriteAffineAnimTable,
CLAIRE,Claire,06 Gym Leaders,GBC,NONE,512,16,32,NPC_1,M,FALSE,FALSE,FOOT,16x32,16x32,Standard,Claire,gDummySpriteAffineAnimTable,
ERIKA,Erika,06 Gym Leaders,GBC,NONE,512,16,32,NPC_1,M,FALSE,FALSE,FOOT,16x32,16x32,Standard,Erika,gDummySpriteAffineAnimTable,
FAULKNER,Faulkner,06 Gym Leaders,GBC,NONE,512,16,32,NPC_1,M,FALSE,FALSE,FOOT,16x32,16x32,Standard,Faulkner,gDummySpriteAffineAnimTable,
JANINE,Janine,06 Gym Leaders,GBC,NONE,512,16,32,NPC_1,M,FALSE,FALSE,FOOT,16x32,16x32,Standard,Janine,gDummySpriteAffineAnimTable,
JASMINE,Jasmine,06 Gym Leaders,GBC,NONE,512,16,32,NPC_1,M,FALSE,FALSE,FOOT,16x32,16x32,Standard,Jasmine,gDummySpriteAffineAnimTable,
LT_SURGE,LtSurge,06 Gym Leaders,GBC,NONE,512,16,32,NPC_1,M,FALSE,FALSE,FOOT,16x32,16x32,Standard,LtSurge,gDummySpriteAffineAnimTable,
MISTY,Misty,06 Gym Leaders,GBC,NONE,512,16,32,NPC_1,M,FALSE,FALSE,FOOT,16x32,16x32,Standard,Misty,gDummySpriteAffineAnimTable,
MORTY,Morty,06 Gym Leaders,GBC,NONE,512,16,32,NPC_1,M,FALSE,FALSE,FOOT,16x32,16x32,Standard,Morty,gDummySpriteAffineAnimTable,
PRYCE,Pryce,06 Gym Leaders,GBC,NONE,512,16,32,NPC_1,M,FALSE,FALSE,FOOT,16x32,16x32,Standard,Pryce,gDummySpriteAffineAnimTable,
SABRINA,Sabrina,06 Gym Leaders,GBC,NONE,512,16,32,NPC_1,M,FALSE,FALSE,FOOT,16x32,16x32,Standard,Sabrina,gDummySpriteAffineAnimTable,
WHITNEY,Whitney,06 Gym Leaders,GBC,NONE,512,16,32,NPC_1,M,FALSE,FALSE,FOOT,16x32,16x32,Standard,Whitney,gDummySpriteAffineAnimTable,
BRUNO,Bruno,07 Elite Four,GBC,NONE,512,16,32,NPC_1,M,FALSE,FALSE,FOOT,16x32,16x32,Standard,Bruno,gDummySpriteAffineAnimTable,
KAREN,Karen,07 Elite Four,GBC,NONE,512,16,32,NPC_1,M,FALSE,FALSE,FOOT,16x32,16x32,Standard,Karen,gDummySpriteAffineAnimTable,
KOGA,Koga,07 Elite Four,GBC,NONE,512,16,32,NPC_1,M,FALSE,FALSE,FOOT,16x32,16x32,Standard,Koga,gDummySpriteAffineAnimTable,
LANCE,Lance,07 Elite Four,GBC,NONE,512,16,32,NPC_1,M,FALSE,FALSE,FOOT,16x32,16x32,Standard,Lance,gDummySpriteAffineAnimTable,
WILL,Will,07 Elite Four,GBC,NONE,512,16,32,NPC_1,M,FALSE,FALSE,FOOT,16x32,16x32,Standard,Will,gDummySpriteAffineAnimTable,
GIOVANNI,Giovanni,08 Team Rocket,GBC,NONE,512,16,32,NPC_1,M,FALSE,FALSE,FOOT,16x32,16x32,Standard,Giovanni,gDummySpriteAffineAnimTable,
ROCKET_EXECUTIVE_F,RocketExecutiveF,08 Team Rocket,GBC,NONE,512,16,32,NPC_1,M,FALSE,FALSE,FOOT,16x32,16x32,Standard,RocketExecutiveF,gDummySpriteAffineAnimTable,
ROCKET_EXECUTIVE_M,RocketExecutiveM,08 Team Rocket,GBC,NONE,512,16,32,NPC_1,M,FALSE,FALSE,FOOT,16x32,16x32,Standard,RocketExecutiveM,gDummySpriteAffineAnimTable,
ROCKET_GRUNT_F,RocketGruntF,08 Team Rocket,GBC,NONE,512,16,32,NPC_1,M,FALSE,FALSE,FOOT,16x32,16x32,Standard,RocketGruntF,gDummySpriteAffineAnimTable,
ROCKET_GRUNT_M,RocketGruntM,08 Team Rocket,GBC,NONE,512,16,32,NPC_1,M,FALSE,FALSE,FOOT,16x32,16x32,Standard,RocketGruntM,gDummySpriteAffineAnimTable,
BREAKABLE_ROCK,BreakableRock,09 Objects,NPC_1,NONE,128,16,16,NPC_1,S,TRUE,FALSE,NONE,16x16,16x16,BreakableRock,BreakableRock,gDummySpriteAffineAnimTable,
CUTTABLE_TREE,CuttableTree,09 Objects,NPC_3,NONE,128,16,16,NPC_3,S,TRUE,FALSE,NONE,16x16,16x16,CuttableTree,CuttableTree,gDummySpriteAffineAnimTable,
FOSSIL,Fossil,09 Objects,NPC_1,NONE,128,16,16,NPC_1,S,TRUE,FALSE,NONE,16x16,16x16,Inanimate,Fossil,gDummySpriteAffineAnimTable,
ITEM_BALL,Pokeball,09 Objects,NPC_3,NONE,256,16,32,NPC_1,M,TRUE,FALSE,NONE,16x32,16x32,Following,PokeBall,gDummySpriteAffineAnimTable,
PUSHABLE_BOULDER,PushableBoulder,09 Objects,NPC_1,NONE,128,16,16,NPC_1,S,TRUE,FALSE,NONE,16x16,16x16,Inanimate,PushableBoulder,gDummySpriteAffineAnimTable,
SUDOWOODO,Sudowoodo,09 Objects,GBC,NONE,512,16,32,NPC_1,M,FALSE,FALSE,FOOT,16x32,16x32,Standard,SudowoodoTree,gDummySpriteAffineAnimTable,Sudowoodo
BALL_CUSHION,BallCushion,10-1 Cushions,NPC_3,NONE,128,16,16,NPC_3,S,TRUE,FALSE,NONE,16x16,16x16,Inanimate,BallCushion,gDummySpriteAffineAnimTable,
DIAMOND_CUSHION,DiamondCushion,10-1 Cushions,NPC_4,NONE,128,16,16,NPC_4,S,TRUE,FALSE,NONE,16x16,16x16,Inanimate,DiamondCushion,gDummySpriteAffineAnimTable,
FIRE_CUSHION,FireCushion,10-1 Cushions,NPC_2,NONE,128,16,16,NPC_2,S,TRUE,FALSE,NONE,16x16,16x16,Inanimate,FireCushion,gDummySpriteAffineAnimTable,
GRASS_CUSHION,GrassCushion,10-1 Cushions,NPC_3,NONE,128,16,16,NPC_3,S,TRUE,FALSE,NONE,16x16,16x16,Inanimate,GrassCushion,gDummySpriteAffineAnimTable,
KISS_CUSHION,KissCushion,10-1 Cushions,NPC_4,NONE,128,16,16,NPC_4,S,TRUE,FALSE,NONE,16x16,16x16,Inanimate,KissCushion,gDummySpriteAffineAnimTable,
PIKA_CUSHION,PikaCushion,10-1 Cushions,NPC_2,NONE,128,16,16,NPC_2,S,TRUE,FALSE,NONE,16x16,16x16,Inanimate,PikaCushion,gDummySpriteAffineAnimTable,
ROUND_CUSHION,RoundCushion,10-1 Cushions,NPC_1,NONE,128,16,16,NPC_1,S,TRUE,FALSE,NONE,16x16,16x16,Inanimate,RoundCushion,gDummySpriteAffineAnimTable,
SPIN_CUSHION,SpinCushion,10-1 Cushions,NPC_1,NONE,128,16,16,NPC_1,S,TRUE,FALSE,NONE,16x16,16x16,Inanimate,SpinCushion,gDummySpriteAffineAnimTable,
WATER_CUSHION,WaterCushion,10-1 Cushions,NPC_1,NONE,128,16,16,NPC_1,S,TRUE,FALSE,NONE,16x16,16x16,Inanimate,WaterCushion,gDummySpriteAffineAnimTable,
ZIGZAG_CUSHION,ZigzagCushion,10-1 Cushions,NPC_1,NONE,128,16,16,NPC_1,S,TRUE,FALSE,NONE,16x16,16x16,Inanimate,ZigzagCushion,gDummySpriteAffineAnimTable,
AZURILL_DOLL,AzurillDoll,10-2 Dolls,NPC_1,NONE,128,16,16,NPC_1,S,TRUE,FALSE,NONE,16x16,16x16,Inanimate,AzurillDoll,gDummySpriteAffineAnimTable,
BALTOY_DOLL,BaltoyDoll,10-2 Dolls,NPC_1,NONE,128,16,16,NPC_1,S,TRUE,FALSE,NONE,16x16,16x16,Inanimate,BaltoyDoll,gDummySpriteAffineAnimTable,
BIG_BLASTOISE_DOLL,BigBlastoiseDoll,10-2 Dolls,NPC_1,NONE,512,32,32,NPC_1,M,TRUE,FALSE,NONE,32x32,32x32,Inanimate,BigBlastoiseDoll,gDummySpriteAffineAnimTable,
BIG_CHARIZARD_DOLL,BigCharizardDoll,10-2 Dolls,NPC_2,NONE,512,32,32,NPC_2,M,TRUE,FALSE,NONE,32x32,32x32,Inanimate,BigCharizardDoll,gDummySpriteAffineAnimTable,
BIG_LAPRAS_DOLL,BigLaprasDoll,10-2 Dolls,NPC_1,NONE,512,32,32,NPC_1,M,TRUE,FALSE,NONE,32x32,32x32,Inanimate,BigLaprasDoll,gDummySpriteAffineAnimTable,
BIG_REGICE_DOLL,BigRegiceDoll,10-2 Dolls,NPC_3,NONE,512,32,32,NPC_3,M,TRUE,FALSE,NONE,32x32,32x32,Inanimate,BigRegiceDoll,gDummySpriteAffineAnimTable,
BIG_REGIROCK_DOLL,BigRegirockDoll,10-2 Dolls,NPC_1,NONE,512,32,32,NPC_1,M,TRUE,FALSE,NONE,32x32,32x32,Inanimate,BigRegirockDoll,gDummySpriteAffineAnimTable,
BIG_REGISTEEL_DOLL,BigRegisteelDoll,10-2 Dolls,NPC_4,NONE,512,32,32,NPC_4,M,TRUE,FALSE,NONE,32x32,32x32,Inanimate,BigRegisteelDoll,gDummySpriteAffineAnimTable,
BIG_RHYDON_DOLL,BigRhydonDoll,10-2 Dolls,NPC_4,NONE,512,32,32,NPC_4,M,TRUE,FALSE,NONE,32x32,32x32,Inanimate,BigRhydonDoll,gDummySpriteAffineAnimTable,
BIG_SNORLAX_DOLL,BigSnorlaxDoll,10-2 Dolls,NPC_4,NONE,512,32,32,NPC_4,M,TRUE,FALSE,NONE,32x32,32x32,Inanimate,BigSnorlaxDoll,gDummySpriteAffineAnimTable,
BIG_VENUSAUR_DOLL,BigVenusaurDoll,10-2 Dolls,NPC_3,NONE,512,32,32,NPC_3,M,TRUE,FALSE,NONE,32x32,32x32,Inanimate,BigVenusaurDoll,gDummySpriteAffineAnimTable,
BIG_WAILMER_DOLL,BigWailmerDoll,10-2 Dolls,NPC_4,NONE,512,32,32,NPC_4,M,TRUE,FALSE,NONE,32x32,32x32,Inanimate,BigWailmerDoll,gDummySpriteAffineAnimTable,
CHIKORITA_DOLL,ChikoritaDoll,10-2 Dolls,NPC_3,NONE,128,16,16,NPC_3,S,TRUE,FALSE,NONE,16x16,16x16,Inanimate,ChikoritaDoll,gDummySpriteAffineAnimTable,
CLEFAIRY_DOLL,ClefairyDoll,10-2 Dolls,NPC_1,NONE,128,16,16,NPC_1,S,TRUE,FALSE,NONE,16x16,16x16,Inanimate,ClefairyDoll,gDummySpriteAffineAnimTable,
CYNDAQUIL_DOLL,CyndaquilDoll,10-2 Dolls,NPC_4,NONE,128,16,16,NPC_4,S,TRUE,FALSE,NONE,16x16,16x16,Inanimate,CyndaquilDoll,gDummySpriteAffineAnimTable,
DITTO_DOLL,DittoDoll,10-2 Dolls,NPC_4,NONE,128,16,16,NPC_4,S,TRUE,FALSE,NONE,16x16,16x16,Inanimate,DittoDoll,gDummySpriteAffineAnimTable,
DUSKULL_DOLL,DuskullDoll,10-2 Dolls,NPC_4,NONE,128,16,16,NPC_4,S,TRUE,FALSE,NONE,16x16,16x16,Inanimate,DuskullDoll,gDummySpriteAffineAnimTable,
GULPIN_DOLL,GulpinDoll,10-2 Dolls,NPC_3,NONE,128,16,16,NPC_3,S,TRUE,FALSE,NONE,16x16,16x16,Inanimate,GulpinDoll,gDummySpriteAffineAnimTable,
JIGGLYPUFF_DOLL,JigglypuffDoll,10-2 Dolls,NPC_1,NONE,128,16,16,NPC_1,S,TRUE,FALSE,NONE,16x16,16x16,Inanimate,JigglypuffDoll,gDummySpriteAffineAnimTable,
KECLEON_DOLL,KecleonDoll,10-2 Dolls,NPC_3,NONE,128,16,16,NPC_3,S,TRUE,FALSE,NONE,16x16,16x16,Inanimate,KecleonDoll,gDummySpriteAffineAnimTable,
LOTAD_DOLL,LotadDoll,10-2 Dolls,NPC_3,NONE,128,16,16,NPC_3,S,TRUE,FALSE,NONE,16x16,16x16,Inanimate,LotadDoll,gDummySpriteAffineAnimTable,
MARILL_DOLL,MarillDoll,10-2 Dolls,NPC_1,NONE,128,16,16,NPC_1,S,TRUE,FALSE,NONE,16x16,16x16,Inanimate,MarillDoll,gDummySpriteAffineAnimTable,
MEOWTH_DOLL,MeowthDoll,10-2 Dolls,NPC_2,NONE,128,16,16,NPC_2,S,TRUE,FALSE,NONE,16x16,16x16,Inanimate,MeowthDoll,gDummySpriteAffineAnimTable,
MUDKIP_DOLL,MudkipDoll,10-2 Dolls,NPC_1,NONE,128,16,16,NPC_1,S,TRUE,FALSE,NONE,16x16,16x16,Inanimate,MudkipDoll,gDummySpriteAffineAnimTable,
PICHU_DOLL,PichuDoll,10-2 Dolls,NPC_2,NONE,128,16,16,NPC_2,S,TRUE,FALSE,NONE,16x16,16x16,Inanimate,PichuDoll,gDummySpriteAffineAnimTable,
PIKACHU_DOLL,PikachuDoll,10-2 Dolls,NPC_2,NONE,128,16,16,NPC_2,S,TRUE,FALSE,NONE,16x16,16x16,Inanimate,PikachuDoll,gDummySpriteAffineAnimTable,
SEEDOT_DOLL,SeedotDoll,10-2 Dolls,NPC_3,NONE,128,16,16,NPC_3,S,TRUE,FALSE,NONE,16x16,16x16,Inanimate,SeedotDoll,gDummySpriteAffineAnimTable,
SKITTY_DOLL,SkittyDoll,10-2 Dolls,NPC_1,NONE,128,16,16,NPC_1,S,TRUE,FALSE,NONE,16x16,16x16,Inanimate,SkittyDoll,gDummySpriteAffineAnimTable,
SMOOCHUM_DOLL,SmoochumDoll,10-2 Dolls,NPC_4,NONE,128,16,16,NPC_4,S,TRUE,FALSE,NONE,16x16,16x16,Inanimate,SmoochumDoll,gDummySpriteAffineAnimTable,
SWABLU_DOLL,SwabluDoll,10-2 Dolls,NPC_1,NONE,128,16,16,NPC_1,S,TRUE,FALSE,NONE,16x16,16x16,Inanimate,SwabluDoll,gDummySpriteAffineAnimTable,
TOGEPI_DOLL,TogepiDoll,10-2 Dolls,NPC_3,NONE,128,16,16,NPC_3,S,TRUE,FALSE,NONE,16x16,16x16,Inanimate,TogepiDoll,gDummySpriteAffineAnimTable,
TORCHIC_DOLL,TorchicDoll,10-2 Dolls,NPC_2,NONE,128,16,16,NPC_2,S,TRUE,FALSE,NONE,16x16,16x16,Inanimate,TorchicDoll,gDummySpriteAffineAnimTable,
TOTODILE_DOLL,TotodileDoll,10-2 Dolls,NPC_1,NONE,128,16,16,NPC_1,S,TRUE,FALSE,NONE,16x16,16x16,Inanimate,TotodileDoll,gDummySpriteAffineAnimTable,
TREECKO_DOLL,TreeckoDoll,10-2 Dolls,NPC_3,NONE,128,16,16,NPC_3,S,TRUE,FALSE,NONE,16x16,16x16,Inanimate,TreeckoDoll,gDummySpriteAffineAnimTable,
UNUSED_MAGNEMITE_DOLL,UnusedMagnemiteDoll,10-2 Dolls,NPC_3,NONE,128,16,16,NPC_3,S,TRUE,FALSE,NONE,16x16,16x16,Inanimate,UnusedMagnemiteDoll,gDummySpriteAffineAnimTable,
UNUSED_NATU_DOLL,UnusedNatuDoll,10-2 Dolls,NPC_3,NONE,128,16,16,NPC_3,S,TRUE,FALSE,NONE,16x16,16x16,Inanimate,UnusedNatuDoll,gDummySpriteAffineAnimTable,
UNUSED_PIKACHU_DOLL,UnusedPikachuDoll,10-2 Dolls,NPC_2,NONE,128,16,16,NPC_2,S,TRUE,FALSE,NONE,16x16,16x16,Inanimate,UnusedPikachuDoll,gDummySpriteAffineAnimTable,
UNUSED_PORYGON2_DOLL,UnusedPorygon2Doll,10-2 Dolls,NPC_1,NONE,128,16,16,NPC_1,S,TRUE,FALSE,NONE,16x16,16x16,Inanimate,UnusedPorygon2Doll,gDummySpriteAffineAnimTable,
UNUSED_SQUIRTLE_DOLL,UnusedSquirtleDoll,10-2 Dolls,NPC_1,NONE,128,16,16,NPC_1,S,TRUE,FALSE,NONE,16x16,16x16,Inanimate,UnusedSquirtleDoll,gDummySpriteAffineAnimTable,
UNUSED_WOOPER_DOLL,UnusedWooperDoll,10-2 Dolls,NPC_3,NONE,128,16,16,NPC_3,S,TRUE,FALSE,NONE,16x16,16x16,Inanimate,UnusedWooperDoll,gDummySpriteAffineAnimTable,
WYNAUT_DOLL,WynautDoll,10-2 Dolls,NPC_1,NONE,128,16,16,NPC_1,S,TRUE,FALSE,NONE,16x16,16x16,Inanimate,WynautDoll,gDummySpriteAffineAnimTable,
ANABEL,Anabel,11-1 Emerald People,GBC,NONE,256,16,32,NPC_1,M,FALSE,FALSE,FOOT,16x32,16x32,Standard,PlaceholderF,gDummySpriteAffineAnimTable,
AQUA_MEMBER_F,AquaMemberF,11-1 Emerald People,GBC,NONE,256,16,32,NPC_1,M,FALSE,FALSE,FOOT,16x32,16x32,Standard,PlaceholderF,gDummySpriteAffineAnimTable,
AQUA_MEMBER_M,AquaMemberM,11-1 Emerald People,GBC,NONE,256,16,32,NPC_1,M,FALSE,FALSE,FOOT,16x32,16x32,Standard,PlaceholderM,gDummySpriteAffineAnimTable,
ARCHIE,Archie,11-1 Emerald People,GBC,NONE,256,16,32,NPC_1,M,FALSE,FALSE,FOOT,16x32,16x32,Standard,PlaceholderM,gDummySpriteAffineAnimTable,
BARD,Bard,11-1 Emerald People,GBC,NONE,256,16,32,NPC_1,M,FALSE,FALSE,FOOT,16x32,16x32,Standard,PlaceholderM,gDummySpriteAffineAnimTable,
BRANDON,Brandon,11-1 Emerald People,GBC,NONE,256,16,32,NPC_1,M,FALSE,FALSE,FOOT,16x32,16x32,Standard,PlaceholderM,gDummySpriteAffineAnimTable,
BRAWLY,Brawly,11-1 Emerald People,GBC,NONE,256,16,32,NPC_1,M,FALSE,FALSE,FOOT,16x32,16x32,Standard,PlaceholderM,gDummySpriteAffineAnimTable,
CAMERAMAN,Cameraman,11-1 Emerald People,GBC,NONE,256,16,32,NPC_1,M,FALSE,FALSE,FOOT,16x32,16x32,Standard,PlaceholderM,gDummySpriteAffineAnimTable,
CONTEST_JUDGE,ContestJudge,11-1 Emerald People,GBC,NONE,256,16,32,NPC_1,M,FALSE,FALSE,FOOT,16x32,16x32,Standard,PlaceholderM,gDummySpriteAffineAnimTable,
CYCLING_TRIATHLETE_F,CyclingTriathleteF,11-1 Emerald People,GBC,NONE,256,16,32,NPC_1,M,FALSE,FALSE,FOOT,16x32,16x32,Standard,PlaceholderF,gDummySpriteAffineAnimTable,
CYCLING_TRIATHLETE_M,CyclingTriathleteM,11-1 Emerald People,GBC,NONE,256,16,32,NPC_1,M,FALSE,FALSE,FOOT,16x32,16x32,Standard,PlaceholderM,gDummySpriteAffineAnimTable,
DEVON_EMPLOYEE,DevonEmployee,11-1 Emerald People,GBC,NONE,256,16,32,NPC_1,M,FALSE,FALSE,FOOT,16x32,16x32,Standard,PlaceholderM,gDummySpriteAffineAnimTable,
DRAKE,Drake,11-1 Emerald People,GBC,NONE,256,16,32,NPC_1,M,FALSE,FALSE,FOOT,16x32,16x32,Standard,PlaceholderM,gDummySpriteAffineAnimTable,
EXPERT_F,ExpertF,11-1 Emerald People,GBC,NONE,256,16,32,NPC_1,M,FALSE,FALSE,FOOT,16x32,16x32,Standard,PlaceholderM,gDummySpriteAffineAnimTable,
EXPERT_M,ExpertM,11-1 Emerald People,GBC,NONE,256,16,32,NPC_1,M,FALSE,FALSE,FOOT,16x32,16x32,Standard,PlaceholderM,gDummySpriteAffineAnimTable,
FLANNERY,Flannery,11-1 Emerald People,GBC,NONE,256,16,32,NPC_1,M,FALSE,FALSE,FOOT,16x32,16x32,Standard,PlaceholderM,gDummySpriteAffineAnimTable,
GAMEBOY_KID,GameboyKid,11-1 Emerald People,GBC,NONE,256,16,32,NPC_1,M,FALSE,FALSE,FOOT,16x32,16x32,Standard,PlaceholderM,gDummySpriteAffineAnimTable,
GLACIA,Glacia,11-1 Emerald People,GBC,NONE,256,16,32,NPC_1,M,FALSE,FALSE,FOOT,16x32,16x32,Standard,PlaceholderF,gDummySpriteAffineAnimTable,
GRETA,Greta,11-1 Emerald People,GBC,NONE,256,16,32,NPC_1,M,FALSE,FALSE,FOOT,16x32,16x32,Standard,PlaceholderF,gDummySpriteAffineAnimTable,
HOT_SPRINGS_OLD_WOMAN,HotSpringsOldWoman,11-1 Emerald People,GBC,NONE,256,16,32,NPC_1,M,FALSE,FALSE,FOOT,16x32,16x32,Standard,PlaceholderF,gDummySpriteAffineAnimTable,
JUAN,Juan,11-1 Emerald People,GBC,NONE,256,16,32,NPC_1,M,FALSE,FALSE,FOOT,16x32,16x32,Standard,PlaceholderM,gDummySpriteAffineAnimTable,
LITTLE_BOY,LittleBoy,11-1 Emerald People,GBC,NONE,256,16,32,NPC_1,M,FALSE,FALSE,FOOT,16x32,16x32,Standard,PlaceholderM,gDummySpriteAffineAnimTable,
LITTLE_BOY_3,LittleBoy3,11-1 Emerald People,GBC,NONE,256,16,32,NPC_1,M,FALSE,FALSE,FOOT,16x32,16x32,Standard,PlaceholderM,gDummySpriteAffineAnimTable,
LIZA,Liza,11-1 Emerald People,GBC,NONE,256,16,32,NPC_1,M,FALSE,FALSE,FOOT,16x32,16x32,Standard,PlaceholderF,gDummySpriteAffineAnimTable,
LUCY,Lucy,11-1 Emerald People,GBC,NONE,256,16,32,NPC_1,M,FALSE,FALSE,FOOT,16x32,16x32,Standard,PlaceholderF,gDummySpriteAffineAnimTable,
MAGMA_MEMBER_F,MagmaMemberF,11-1 Emerald People,GBC,NONE,256,16,32,NPC_1,M,FALSE,FALSE,FOOT,16x32,16x32,Standard,PlaceholderF,gDummySpriteAffineAnimTable,
MAGMA_MEMBER_M,MagmaMemberM,11-1 Emerald People,GBC,NONE,256,16,32,NPC_1,M,FALSE,FALSE,FOOT,16x32,16x32,Standard,PlaceholderM,gDummySpriteAffineAnimTable,
MANIAC,Maniac,11-1 Emerald People,GBC,NONE,256,16,32,NPC_1,M,FALSE,FALSE,FOOT,16x32,16x32,Standard,PlaceholderM,gDummySpriteAffineAnimTable,
MAXIE,Maxie,11-1 Emerald People,GBC,NONE,256,16,32,NPC_1,M,FALSE,FALSE,FOOT,16x32,16x32,Standard,PlaceholderM,gDummySpriteAffineAnimTable,
MYSTERY_GIFT_MAN,MysteryGiftMan,11-1 Emerald People,GBC,NONE,256,16,32,NPC_1,M,FALSE,FALSE,FOOT,16x32,16x32,Standard,PlaceholderM,gDummySpriteAffineAnimTable,
NINJA_BOY,NinjaBoy,11-1 Emerald People,GBC,NONE,256,16,32,NPC_1,M,FALSE,FALSE,FOOT,16x32,16x32,Standard,PlaceholderM,gDummySpriteAffineAnimTable,
NOLAND,Noland,11-1 Emerald People,GBC,NONE,256,16,32,NPC_1,M,FALSE,FALSE,FOOT,16x32,16x32,Standard,PlaceholderM,gDummySpriteAffineAnimTable,
NORMAN,Norman,11-1 Emerald People,GBC,NONE,256,16,32,NPC_1,M,FALSE,FALSE,FOOT,16x32,16x32,Standard,PlaceholderM,gDummySpriteAffineAnimTable,
PHOEBE,Phoebe,11-1 Emerald People,GBC,NONE,256,16,32,NPC_1,M,FALSE,FALSE,FOOT,16x32,16x32,Standard,PlaceholderF,gDummySpriteAffineAnimTable,
PROF_BIRCH,ProfBirch,11-1 Emerald People,GBC,NONE,256,16,32,NPC_1,M,FALSE,FALSE,FOOT,16x32,16x32,Standard,PlaceholderM,gDummySpriteAffineAnimTable,
QUINTY_PLUMP,QuintyPlump,11-1 Emerald People,GBC,NONE,256,16,32,NPC_1,M,FALSE,FALSE,FOOT,16x32,16x32,Standard,PlaceholderM,gDummySpriteAffineAnimTable,
REPORTER_F,ReporterF,11-1 Emerald People,GBC,NONE,256,16,32,NPC_1,M,FALSE,FALSE,FOOT,16x32,16x32,Standard,PlaceholderF,gDummySpriteAffineAnimTable,
REPORTER_M,ReporterM,11-1 Emerald People,GBC,NONE,256,16,32,NPC_1,M,FALSE,FALSE,FOOT,16x32,16x32,Standard,PlaceholderM,gDummySpriteAffineAnimTable,
RICH_BOY,RichBoy,11-1 Emerald People,GBC,NONE,256,16,32,NPC_1,M,FALSE,FALSE,FOOT,16x32,16x32,Standard,PlaceholderM,gDummySpriteAffineAnimTable,
ROOFTOP_SALE_WOMAN,RooftopSaleWoman,11-1 Emerald People,GBC,NONE,256,16,32,NPC_1,M,FALSE,FALSE,FOOT,16x32,16x32,Standard,PlaceholderF,gDummySpriteAffineAnimTable,
ROXANNE,Roxanne,11-1 Emerald People,GBC,NONE,256,16,32,NPC_1,M,FALSE,FALSE,FOOT,16x32,16x32,Standard,PlaceholderF,gDummySpriteAffineAnimTable,
RUNNING_TRIATHLETE_F,RunningTriathleteF,11-1 Emerald People,GBC,NONE,256,16,32,NPC_1,M,FALSE,FALSE,FOOT,16x32,16x32,Standard,PlaceholderF,gDummySpriteAffineAnimTable,
RUNNING_TRIATHLETE_M,RunningTriathleteM,11-1 Emerald People,GBC,NONE,256,16,32,NPC_1,M,FALSE,FALSE,FOOT,16x32,16x32,Standard,PlaceholderM,gDummySpriteAffineAnimTable,
SCIENTIST_1,Scientist1,11-1 Emerald People,GBC,NONE,256,16,32,NPC_1,M,FALSE,FALSE,FOOT,16x32,16x32,Standard,PlaceholderM,gDummySpriteAffineAnimTable,
SCIENTIST_2,Scientist2,11-1 Emerald People,GBC,NONE,256,16,32,NPC_1,M,FALSE,FALSE,FOOT,16x32,16x32,Standard,PlaceholderM,gDummySpriteAffineAnimTable,
SCOTT,Scott,11-1 Emerald People,GBC,NONE,256,16,32,NPC_1,M,FALSE,FALSE,FOOT,16x32,16x32,Standard,PlaceholderM,gDummySpriteAffineAnimTable,
SIDNEY,Sidney,11-1 Emerald People,GBC,NONE,256,16,32,NPC_1,M,FALSE,FALSE,FOOT,16x32,16x32,Standard,PlaceholderM,gDummySpriteAffineAnimTable,
SPENSER,Spenser,11-1 Emerald People,GBC,NONE,256,16,32,NPC_1,M,FALSE,FALSE,FOOT,16x32,16x32,Standard,PlaceholderM,gDummySpriteAffineAnimTable,
STEVEN,Steven,11-1 Emerald People,GBC,NONE,256,16,32,NPC_1,M,FALSE,FALSE,FOOT,16x32,16x32,Standard,PlaceholderM,gDummySpriteAffineAnimTable,
TATE,Tate,11-1 Emerald People,GBC,NONE,256,16,32,NPC_1,M,FALSE,FALSE,FOOT,16x32,16x32,Standard,PlaceholderM,gDummySpriteAffineAnimTable,
TEALA,Teala,11-1 Emerald People,GBC,NONE,256,16,32,NPC_1,M,FALSE,FALSE,FOOT,16x32,16x32,Standard,PlaceholderF,gDummySpriteAffineAnimTable,
TRICK_HOUSE_STATUE,TrickHouseStatue,11-1 Emerald People,GBC,NONE,256,16,32,NPC_1,M,FALSE,FALSE,FOOT,16x32,16x32,Standard,PlaceholderM,gDummySpriteAffineAnimTable,
TUBER_F,TuberF,11-1 Emerald People,GBC,NONE,256,16,32,NPC_1,M,FALSE,FALSE,FOOT,16x32,16x32,Standard,PlaceholderF,gDummySpriteAffineAnimTable,
TUBER_M,TuberM,11-1 Emerald People,GBC,NONE,256,16,32,NPC_1,M,FALSE,FALSE,FOOT,16x32,16x32,Standard,PlaceholderM,gDummySpriteAffineAnimTable,
TUBER_M_SWIMMING,TuberMSwimming,11-1 Emerald People,GBC,NONE,256,16,32,NPC_1,M,FALSE,FALSE,FOOT,16x32,16x32,Standard,PlaceholderM,gDummySpriteAffineAnimTable,
TUCKER,Tucker,11-1 Emerald People,GBC,NONE,256,16,32,NPC_1,M,FALSE,FALSE,FOOT,16x32,16x32,Standard,PlaceholderM,gDummySpriteAffineAnimTable,
UNION_ROOM_NURSE,UnionRoomNurse,11-1 Emerald People,NPC_1,NONE,256,16,32,NPC_1,M,FALSE,FALSE,FOOT,16x32,16x32,Nurse,Nurse,gDummySpriteAffineAnimTable,
WALLACE,Wallace,11-1 Emerald People,GBC,NONE,256,16,32,NPC_1,M,FALSE,FALSE,FOOT,16x32,16x32,Standard,PlaceholderM,gDummySpriteAffineAnimTable,
WALLY,Wally,11-1 Emerald People,GBC,NONE,256,16,32,NPC_1,M,FALSE,FALSE,FOOT,16x32,16x32,Standard,PlaceholderM,gDummySpriteAffineAnimTable,
WATTSON,Wattson,11-1 Emerald People,GBC,NONE,256,16,32,NPC_1,M,FALSE,FALSE,FOOT,16x32,16x32,Standard,PlaceholderM,gDummySpriteAffineAnimTable,
WINONA,Winona,11-1 Emerald People,GBC,NONE,256,16,32,NPC_1,M,FALSE,FALSE,FOOT,16x32,16x32,Standard,PlaceholderF,gDummySpriteAffineAnimTable,
AZUMARILL,Azumarill,11-2 Emerald Pokes,NPC_1,NONE,128,16,16,NPC_1,M,FALSE,FALSE,FOOT,16x16,16x16,Standard,AzumarillOld,gDummySpriteAffineAnimTable,Azumarill
AZURILL,Azurill,11-2 Emerald Pokes,NPC_1,NONE,128,16,16,NPC_1,M,FALSE,FALSE,FOOT,16x16,16x16,Standard,AzurillOld,gDummySpriteAffineAnimTable,Azurill
DEOXYS,Deoxys,11-2 Emerald Pokes,DEOXYS,NONE,512,32,32,NPC_SPECIAL,M,FALSE,FALSE,FOOT,32x32,32x32,Standard,DeoxysOld,gDummySpriteAffineAnimTable,Deoxys
DUSCLOPS,Dusclops,11-2 Emerald Pokes,NPC_4,NONE,256,16,32,NPC_4,M,FALSE,FALSE,FOOT,16x32,16x32,Standard,DusclopsOld,gDummySpriteAffineAnimTable,Dusclops
GROUDON_ASLEEP,GroudonAsleep,11-2 Emerald Pokes,GROUDON,NONE,512,32,32,NPC_SPECIAL,M,FALSE,FALSE,FOOT,32x32,32x32,Standard,GroudonFront,sAffineAnimTable_KyogreGroudon,
GROUDON_FRONT,GroudonFront,11-2 Emerald Pokes,NPC_3,NONE,512,32,32,NPC_3,M,FALSE,FALSE,FOOT,32x32,32x32,Standard,GroudonFront,sAffineAnimTable_KyogreGroudon,
GROUDON_SIDE,GroudonSide,11-2 Emerald Pokes,NPC_3,NONE,512,32,32,NPC_3,M,FALSE,FALSE,FOOT,32x32,32x32,GroudonSide,GroudonSide,sAffineAnimTable_KyogreGroudon,
HOOH,Hooh,11-2 Emerald Pokes,HO_OH,NONE,512,32,32,NPC_SPECIAL,M,FALSE,FALSE,FOOT,32x32,32x32,HoOh,HoOhOld,gDummySpriteAffineAnimTable,Hooh
KECLEON,Kecleon,11-2 Emerald Pokes,NPC_3,NONE,128,16,16,NPC_3,M,FALSE,FALSE,FOOT,16x16,16x16,Standard,KecleonOld,gDummySpriteAffineAnimTable,Kecleon
KECLEON_BRIDGE_SHADOW,KecleonBridgeShadow,11-2 Emerald Pokes,NPC_3,BRIDGE_REFLECTION,128,16,16,NPC_SPECIAL,M,FALSE,FALSE,FOOT,16x16,16x16,Standard,KecleonOld,gDummySpriteAffineAnimTable,KecleonBridgeShadow
KIRLIA,Kirlia,11-2 Emerald Pokes,NPC_3,NONE,256,16,32,NPC_3,S,FALSE,FALSE,FOOT,16x32,16x32,Standard,KirliaOld,gDummySpriteAffineAnimTable,Kirlia
KYOGRE_ASLEEP,KyogreAsleep,11-2 Emerald Pokes,KYOGRE,NONE,512,32,32,NPC_SPECIAL,M,FALSE,FALSE,FOOT,32x32,32x32,Standard,KyogreFront,sAffineAnimTable_KyogreGroudon,
KYOGRE_FRONT,KyogreFront,11-2 Emerald Pokes,NPC_4,NONE,512,32,32,NPC_4,M,FALSE,FALSE,FOOT,32x32,32x32,Standard,KyogreFront,sAffineAnimTable_KyogreGroudon,
KYOGRE_SIDE,KyogreSide,11-2 Emerald Pokes,NPC_4,NONE,512,32,32,NPC_4,M,FALSE,FALSE,FOOT,32x32,32x32,Standard,KyogreSide,sAffineAnimTable_KyogreGroudon,
LATIAS,Latias,11-2 Emerald Pokes,NPC_2,NONE,512,32,32,NPC_2,M,FALSE,FALSE,NONE,32x32,32x32,Standard,LatiasLatios,gDummySpriteAffineAnimTable,Latias
LATIOS,Latios,11-2 Emerald Pokes,NPC_1,NONE,512,32,32,NPC_1,M,FALSE,FALSE,NONE,32x32,32x32,Standard,LatiasLatios,gDummySpriteAffineAnimTable,Latios
LUGIA,Lugia,11-2 Emerald Pokes,LUGIA,NONE,512,32,32,NPC_SPECIAL,M,FALSE,FALSE,FOOT,32x32,32x32,Standard,LugiaOld,gDummySpriteAffineAnimTable,Lugia
MEW,Mew,11-2 Emerald Pokes,NPC_1,NONE,256,16,32,NPC_1,M,FALSE,FALSE,FOOT,16x32,16x32,Standard,MewOld,gDummySpriteAffineAnimTable,Mew
PIKACHU,Pikachu,11-2 Emerald Pokes,NPC_2,NONE,128,16,16,NPC_2,M,FALSE,FALSE,FOOT,16x16,16x16,Standard,PikachuOld,gDummySpriteAffineAnimTable,Pikachu
POOCHYENA,Poochyena,11-2 Emerald Pokes,POOCHYENA,NONE,512,32,32,NPC_SPECIAL,M,FALSE,FALSE,FOOT,32x32,32x32,Standard,PoochyenaOld,gDummySpriteAffineAnimTable,Poochyena
RAYQUAZA,Rayquaza,11-2 Emerald Pokes,NPC_3,NONE,2048,64,64,NPC_3,M,FALSE,FALSE,FOOT,64x64,64x64,Rayquaza,RayquazaCutscene,gDummySpriteAffineAnimTable,Rayquaza
RAYQUAZA_STILL,RayquazaStill,11-2 Emerald Pokes,NPC_3,NONE,2048,64,64,NPC_3,M,FALSE,FALSE,FOOT,64x64,64x64,Standard,RayquazaStill,gDummySpriteAffineAnimTable,
REGICE,Regice,11-2 Emerald Pokes,NPC_3,NONE,512,32,32,NPC_3,M,TRUE,FALSE,FOOT,32x32,32x32,Standard,Regi,gDummySpriteAffineAnimTable,Regice
REGIROCK,Regirock,11-2 Emerald Pokes,NPC_2,NONE,512,32,32,NPC_2,M,TRUE,FALSE,FOOT,32x32,32x32,Standard,Regi,gDummySpriteAffineAnimTable,Regirock
REGISTEEL,Registeel,11-2 Emerald Pokes,NPC_4,NONE,512,32,32,NPC_4,M,TRUE,FALSE,FOOT,32x32,32x32,Standard,Regi,gDummySpriteAffineAnimTable,Registeel
SKITTY,Skitty,11-2 Emerald Pokes,NPC_1,NONE,128,16,16,NPC_1,M,FALSE,FALSE,FOOT,16x16,16x16,Standard,SkittyOld,gDummySpriteAffineAnimTable,Skitty
VIGOROTH_CARRYING_BOX,VigorothCarryingBox,11-2 Emerald Pokes,VIGOROTH,NONE,512,32,32,NPC_SPECIAL,M,FALSE,FALSE,FOOT,32x32,32x32,Standard,VigorothCarryingBox,gDummySpriteAffineAnimTable,
VIGOROTH_FACING_AWAY,VigorothFacingAway,11-2 Emerald Pokes,VIGOROTH,NONE,512,32,32,NPC_SPECIAL,M,FALSE,FALSE,FOOT,32x32,32x32,Standard,VigorothFacingAway,gDummySpriteAffineAnimTable,
WINGULL,Wingull,11-2 Emerald Pokes,NPC_1,NONE,128,16,16,NPC_1,M,FALSE,FALSE,FOOT,16x16,16x16,Standard,WingullOld,gDummySpriteAffineAnimTable,Wingull
ZIGZAGOON_1,Zigzagoon1,11-2 Emerald Pokes,NPC_1,NONE,128,16,16,NPC_1,M,FALSE,FALSE,FOOT,16x16,16x16,Standard,ZigzagoonOld,gDummySpriteAffineAnimTable,Zigzagoon1
ZIGZAGOON_2,Zigzagoon2,11-2 Emerald Pokes,NPC_1,NONE,128,16,16,NPC_1,M,FALSE,FALSE,FOOT,16x16,16x16,Standard,ZigzagoonOld,gDummySpriteAffineAnimTable,Zigzagoon2
BIRCHS_BAG,BirchsBag,11-3 Emerald Objects,NPC_2,NONE,128,16,16,NPC_2,S,TRUE,FALSE,NONE,16x16,16x16,Inanimate,BirchsBag,gDummySpriteAffineAnimTable,
CABLE_CAR,CableCar,11-3 Emerald Objects,CABLE_CAR,NONE,2048,64,64,NPC_SPECIAL,M,TRUE,FALSE,NONE,64x64,64x64,Inanimate,CableCar,gDummySpriteAffineAnimTable,
DEOXYS_TRIANGLE,DeoxysTriangle,11-3 Emerald Objects,BIRTH_ISLAND_STONE,NONE,512,32,32,NPC_SPECIAL,M,TRUE,FALSE,FOOT,32x32,32x32,Inanimate,BirthIslandStone,gDummySpriteAffineAnimTable,DeoxysTriangle
MOVING_BOX,MovingBox,11-3 Emerald Objects,MOVING_BOX,NONE,128,16,16,NPC_SPECIAL,S,TRUE,FALSE,NONE,16x16,16x16,Inanimate,MovingBox,gDummySpriteAffineAnimTable,
MR_BRINEYS_BOAT,MrBrineysBoat,11-3 Emerald Objects,NPC_3,NONE,512,32,32,NPC_3,M,FALSE,FALSE,NONE,32x32,32x32,Standard,MrBrineysBoat,gDummySpriteAffineAnimTable,
SS_TIDAL,SSTidal,11-3 Emerald Objects,SSTIDAL,NONE,1920,96,40,NPC_SPECIAL,M,FALSE,FALSE,NONE,8x8,96x40,Standard,SSTidal,gDummySpriteAffineAnimTable,
SUBMARINE_SHADOW,SubmarineShadow,11-3 Emerald Objects,SUBMARINE_SHADOW,NONE,1408,88,32,NPC_SPECIAL,M,FALSE,FALSE,NONE,8x8,88x32,Standard,SubmarineShadow,gDummySpriteAffineAnimTable,
TRUCK,Truck,11-3 Emerald Objects,TRUCK,NONE,1152,48,48,NPC_SPECIAL,M,TRUE,FALSE,NONE,32x32,48x48,Inanimate,Truck,gDummySpriteAffineAnimTable,
OW_MON,OwMon,12 Followers,DYNAMIC,NONE,512,32,32,NPC_1,M,FALSE,FALSE,FOOT,32x32,32x32,Following,,gDummySpriteAffineAnimTable,
POKE_BALL,PokeBall,12 Followers,NPC_3,NONE,256,16,32,NPC_1,M,TRUE,FALSE,NONE,16x32,16x32,Following,PokeBall,gDummySpriteAffineAnimTable,
BERRY_TREE,,13 Berry Trees,,,,,,,,,,,,,,BerryTree,,
BERRY_TREE_EARLY_STAGES,,13 Berry Trees,,,,,,,,,,,,,,BerryTreeEarlyStages,,
BERRY_TREE_LATE_STAGES,,13 Berry Trees,,,,,,,,,,,,,,BerryTreeLateStages,,
